{
  "log_reg": {
    "f1_cv": 0.783958325161103,
    "best_params": {
      "clf__C": 1
    }
  },
  "svc": {
    "f1_cv": 0.8426812671351238,
    "best_params": {
      "clf__C": 10,
      "clf__kernel": "rbf"
    }
  },
  "rf": {
    "f1_cv": 0.8847038693675969,
    "best_params": {
      "clf__max_depth": null,
      "clf__n_estimators": 400
    }
  },
  "dt": {
    "f1_cv": 0.7991122888084927,
    "best_params": {
      "clf__max_depth": 10
    }
  },
  "xgb": {
    "f1_cv": 0.8779594373218561,
    "best_params": {
      "clf__learning_rate": 0.05,
      "clf__max_depth": 6,
      "clf__n_estimators": 400
    }
  },
  "best_model_test": {
    "accuracy": 0.8849557522123894,
    "precision": 0.8849557522123894,
    "recall": 0.8849557522123894,
    "f1": 0.8849557522123894
  }
}